{
  "type": "minecraft:entity",
  "pools": [
    {
      "rolls": {
        "min": 0,
        "max": 3
      },
      "entries": [
        {
          "type": "minecraft:item",
          "name": "minecraft:amethyst_shard",
          "functions": [
            {
              "function": "minecraft:enchanted_count_increase",
              "count": {
                "type": "minecraft:uniform",
                "min": 0,
                "max": 1
              },
              "limit": 5,
              "enchantment": "minecraft:looting"
            }
          ],
          "conditions": []
        }
      ]
    },
    {
      "rolls": {
        "type": "minecraft:uniform",
        "min": 0,
        "max": 1
      },
      "bonus_rolls": 1,
      "entries": [
        {
          "type": "minecraft:item",
          "name": "minecraft:music_disc_ward"
        },
        {
          "type": "minecraft:item",
          "name": "minecraft:music_disc_wait"
        },
        {
          "type": "minecraft:item",
          "name": "minecraft:music_disc_strad"
        },
        {
          "type": "minecraft:item",
          "name": "minecraft:music_disc_stal"
        },
        {
          "type": "minecraft:item",
          "name": "minecraft:music_disc_precipice"
        },
        {
          "type": "minecraft:item",
          "name": "minecraft:music_disc_otherside"
        },
        {
          "type": "minecraft:item",
          "name": "minecraft:music_disc_otherside"
        },
        {
          "type": "minecraft:item",
          "name": "minecraft:music_disc_mall"
        },
        {
          "type": "minecraft:item",
          "name": "minecraft:music_disc_far"
        },
        {
          "type": "minecraft:item",
          "name": "minecraft:music_disc_creator_music_box"
        },
        {
          "type": "minecraft:item",
          "name": "minecraft:music_disc_creator"
        },
        {
          "type": "minecraft:item",
          "name": "minecraft:music_disc_chirp"
        },
        {
          "type": "minecraft:item",
          "name": "minecraft:music_disc_cat"
        },
        {
          "type": "minecraft:item",
          "name": "minecraft:music_disc_blocks"
        }
      ],
      "functions": [],
      "conditions": [
        {
          "condition": "minecraft:random_chance_with_enchanted_bonus",
          "unenchanted_chance": 0.03,
          "enchanted_chance": {
            "type": "minecraft:linear",
            "base": 0.05,
            "per_level_above_first": 0.02
          },
          "enchantment": "minecraft:looting"
        }
      ]
    }
  ],
  "functions": []
}