{
  "type": "minecraft:entity",
  "pools": [
    {
      "rolls": 1,
      "entries": [
        {
          "type": "minecraft:item",
          "name": "minecraft:armadillo_scute"
        }
      ],
      "functions": [
        {
          "function": "minecraft:enchanted_count_increase",
          "count": {
            "type": "minecraft:uniform",
            "min": 0,
            "max": 1
          },
          "limit": 4,
          "enchantment": "minecraft:looting"
        }
      ],
      "conditions": [
        {
          "condition": "minecraft:random_chance_with_enchanted_bonus",
          "unenchanted_chance": 0.5,
          "enchanted_chance": {
            "type": "minecraft:linear",
            "base": 0.55,
            "per_level_above_first": 0.04
          },
          "enchantment": "minecraft:looting"
        }
      ]
    }
  ],
  "functions": []
}