{
  "type": "minecraft:entity",
  "pools": [
    {
      "rolls": 1,
      "entries": [
        {
          "type": "minecraft:item",
          "name": "minecraft:paper",
          "functions": [
            {
              "function": "minecraft:set_components",
              "components": {
                "minecraft:custom_name": "YOU MONSTER!!"
              },
              "conditions": [
                {
                  "condition": "minecraft:killed_by_player"
                }
              ]
            }
          ]
        }
      ]
    }
  ],
  "functions": []
}