{
  "type": "minecraft:entity",
  "pools": [
    {
      "rolls": {
        "type": "minecraft:uniform",
        "min": 2,
        "max": 5
      },
      "entries": [
        {
          "type": "minecraft:item",
          "name": "minecraft:leather"
        }
      ],
      "functions": [
        {
          "function": "minecraft:enchanted_count_increase",
          "count": {
            "type": "minecraft:uniform",
            "min": 0,
            "max": 1
          },
          "limit": 5,
          "enchantment": "minecraft:looting"
        }
      ]
    }
  ],
  "functions": []
}