{
  "type": "minecraft:entity",
  "pools": [
    {
      "rolls": 1,
      "entries": [
        {
          "type": "minecraft:item",
          "name": "minecraft:leather",
          "functions": [
            {
              "function": "minecraft:enchanted_count_increase",
              "count": {
                "type": "minecraft:uniform",
                "min": 0,
                "max": 1
              },
              "limit": 2,
              "enchantment": "minecraft:looting"
            }
          ]
        }
      ]
    },
    {
      "rolls": 1,
      "bonus_rolls": 1,
      "entries": [
        {
          "type": "minecraft:item",
          "name": "minecraft:goat_horn",
          "weight": 1,
          "functions": [
            {
              "function": "minecraft:set_instrument",
              "options": "#minecraft:goat_horns",
              "conditions": []
            }
          ],
          "conditions": [
            {
              "condition": "minecraft:random_chance_with_enchanted_bonus",
              "unenchanted_chance": 0.1,
              "enchanted_chance": {
                "type": "minecraft:linear",
                "base": 0.13,
                "per_level_above_first": 0.02
              },
              "enchantment": "minecraft:looting"
            }
          ]
        }
      ]
    },
    {
      "rolls": 1,
      "entries": [
        {
          "type": "minecraft:item",
          "name": "minecraft:white_wool",
          "functions": []
        }
      ]
    },
    {
      "rolls": {
        "min": 1,
        "max": 2
      },
      "entries": [
        {
          "type": "minecraft:item",
          "name": "minecraft:mutton",
          "functions": [
            {
              "function": "minecraft:enchanted_count_increase",
              "count": {
                "type": "minecraft:uniform",
                "min": 0,
                "max": 1
              },
              "limit": 5,
              "enchantment": "minecraft:looting",
              "conditions": []
            }
          ],
          "conditions": []
        }
      ],
      "functions": [
        {
          "function": "minecraft:furnace_smelt",
          "conditions": [
            {
              "condition": "minecraft:entity_properties",
              "entity": "this",
              "predicate": {
                "flags": {
                  "is_on_fire": true
                }
              }
            }
          ]
        },
        {
          "function": "minecraft:furnace_smelt",
          "conditions": [
            {
              "condition": "minecraft:entity_properties",
              "active": true,
              "entity": "direct_attacker",
              "predicate": {
                "equipment": {
                  "mainhand": {
                    "predicates": {
                      "minecraft:enchantments": [
                        {
                          "enchantments": "minecraft:fire_aspect"
                        }
                      ]
                    }
                  }
                }
              }
            }
          ]
        }
      ]
    }
  ],
  "functions": []
}