{
  "type": "minecraft:entity",
  "pools": [
    {
      "rolls": 0,
      "entries": [
        {
          "type": "minecraft:item",
          "name": "minecraft:ominous_bottle"
        }
      ],
      "conditions": [
        {
          "condition": "minecraft:entity_properties",
          "entity": "this",
          "predicate": {
            "type_specific": {
              "type": "minecraft:raider",
              "has_raid": false,
              "is_captain": true
            }
          }
        }
      ]
    },
    {
      "rolls": {
        "type": "minecraft:uniform",
        "min": 0,
        "max": 6
      },
      "entries": [
        {
          "type": "minecraft:item",
          "name": "minecraft:emerald",
          "functions": [
            {
              "function": "minecraft:enchanted_count_increase",
              "count": {
                "type": "minecraft:uniform",
                "min": 0,
                "max": 1
              },
              "limit": 6,
              "enchantment": "minecraft:looting"
            }
          ]
        }
      ],
      "functions": [],
      "conditions": [
        {
          "condition": "minecraft:entity_properties",
          "entity": "this",
          "predicate": {
            "type_specific": {
              "type": "minecraft:raider",
              "has_raid": true
            }
          }
        }
      ]
    }
  ],
  "functions": []
}