{
  "type": "minecraft:entity",
  "pools": [
    {
      "rolls": {
        "type": "minecraft:uniform",
        "min": 0,
        "max": 1
      },
      "entries": [
        {
          "type": "minecraft:item",
          "name": "minecraft:disc_fragment_5"
        },
        {
          "type": "minecraft:item",
          "name": "minecraft:music_disc_11"
        },
        {
          "type": "minecraft:item",
          "name": "minecraft:music_disc_13"
        }
      ],
      "functions": [],
      "conditions": [
        {
          "condition": "minecraft:random_chance_with_enchanted_bonus",
          "unenchanted_chance": 0.03,
          "enchanted_chance": {
            "type": "minecraft:linear",
            "base": 0.06,
            "per_level_above_first": 0.03
          },
          "enchantment": "minecraft:looting"
        }
      ]
    },
    {
      "rolls": 1,
      "entries": [
        {
          "type": "minecraft:item",
          "name": "minecraft:echo_shard"
        }
      ],
      "functions": [
        {
          "function": "minecraft:enchanted_count_increase",
          "count": {
            "type": "minecraft:uniform",
            "min": 0,
            "max": 1
          },
          "limit": 3,
          "enchantment": "minecraft:looting"
        }
      ],
      "conditions": [
        {
          "condition": "minecraft:random_chance_with_enchanted_bonus",
          "unenchanted_chance": 0.33,
          "enchanted_chance": {
            "type": "minecraft:linear",
            "base": 0.37,
            "per_level_above_first": 0.04
          },
          "enchantment": "minecraft:looting"
        }
      ]
    }
  ],
  "functions": []
}