{
  "type": "minecraft:entity",
  "pools": [
    {
      "rolls": 1,
      "entries": [
        {
          "type": "minecraft:item",
          "name": "minecraft:beetroot",
          "functions": [],
          "conditions": []
        },
        {
          "type": "minecraft:item",
          "name": "minecraft:potato",
          "weight": 1
        },
        {
          "type": "minecraft:item",
          "name": "minecraft:bread",
          "weight": 1
        },
        {
          "type": "minecraft:item",
          "name": "minecraft:carrot",
          "conditions": [
            {
              "condition": "minecraft:random_chance_with_enchanted_bonus",
              "unenchanted_chance": 0.75,
              "enchanted_chance": {
                "type": "minecraft:linear",
                "base": 0.8,
                "per_level_above_first": 0.4
              },
              "enchantment": "minecraft:looting"
            }
          ]
        }
      ],
      "functions": [
        {
          "function": "minecraft:furnace_smelt",
          "conditions": [
            {
              "condition": "minecraft:entity_properties",
              "entity": "direct_attacker",
              "predicate": {
                "equipment": {
                  "mainhand": {
                    "predicates": {
                      "minecraft:enchantments": [
                        {
                          "enchantments": "minecraft:fire_aspect"
                        }
                      ]
                    }
                  }
                }
              }
            }
          ]
        },
        {
          "function": "minecraft:furnace_smelt",
          "conditions": [
            {
              "condition": "minecraft:entity_properties",
              "entity": "this",
              "predicate": {
                "flags": {
                  "is_on_fire": true
                }
              }
            }
          ]
        },
        {
          "function": "minecraft:enchanted_count_increase",
          "count": {
            "type": "minecraft:uniform",
            "min": 0,
            "max": 1
          },
          "limit": 3,
          "enchantment": "minecraft:looting"
        }
      ],
      "conditions": []
    },
    {
      "rolls": {
        "min": 1,
        "max": 2
      },
      "entries": [
        {
          "type": "minecraft:item",
          "name": "minecraft:emerald",
          "weight": 1,
          "functions": [],
          "conditions": [
            {
              "condition": "minecraft:random_chance_with_enchanted_bonus",
              "unenchanted_chance": 0.33,
              "enchanted_chance": {
                "type": "minecraft:linear",
                "base": 0.36,
                "per_level_above_first": 0.03
              },
              "enchantment": "minecraft:looting"
            }
          ]
        }
      ],
      "functions": [
        {
          "function": "minecraft:enchanted_count_increase",
          "count": {
            "type": "minecraft:uniform",
            "min": 0,
            "max": 1
          },
          "limit": 5,
          "enchantment": "looting"
        }
      ]
    }
  ],
  "functions": []
}