{
  "type": "minecraft:entity",
  "pools": [
    {
      "rolls": {
        "type": "minecraft:uniform",
        "min": 0,
        "max": 2
      },
      "entries": [
        {
          "type": "minecraft:item",
          "name": "minecraft:leather",
          "functions": []
        }
      ],
      "functions": [
        {
          "function": "minecraft:enchanted_count_increase",
          "count": {
            "type": "minecraft:uniform",
            "min": 0,
            "max": 1
          },
          "limit": 2,
          "enchantment": "minecraft:looting"
        }
      ]
    },
    {
      "rolls": {
        "type": "minecraft:uniform",
        "min": 1,
        "max": 3
      },
      "entries": [
        {
          "type": "minecraft:item",
          "name": "minecraft:rotten_flesh"
        }
      ],
      "functions": [
        {
          "function": "minecraft:enchanted_count_increase",
          "count": {
            "type": "minecraft:uniform",
            "min": 0,
            "max": 1
          },
          "limit": 3,
          "enchantment": "minecraft:looting"
        }
      ]
    }
  ],
  "functions": []
}